cluster,keyword,target_slug
"playbook_pdf","princeton offense pdf","book"
"playbook_pdf","princeton offense playbook","home"
"playbook_pdf","princeton offense playbook pdf","book"
"playbook_pdf","princeton offense coaching system","book"
"playbook_pdf","basketball offense playbook","home"
"guide","princeton offense","princeton-offense-complete-guide"
"guide","what is the princeton offense","princeton-offense-complete-guide"
"guide","princeton basketball offense","princeton-offense-complete-guide"
"guide","princeton offense rules","princeton-offense-rules"
"guide","princeton offense reads","princeton-offense-rules"
"install","how to run the princeton offense","how-to-run-the-princeton-offense"
"install","princeton offense install plan","princeton-offense-install-plan-first-10-practices"
"install","install princeton offense","princeton-offense-install-plan-first-10-practices"
"install","princeton offense installation checklist","princeton-offense-installation-checklist"
"plays","princeton offense plays","princeton-offense-plays"
"plays","princeton offense diagrams","princeton-offense-diagrams"
"plays","princeton basketball plays","princeton-offense-plays"
"plays","chin set basketball","chin-set"
"drills","princeton offense drills","princeton-offense-drills"
"drills","princeton offense practice drills","princeton-offense-practice-drills-by-skill-level"
"drills","backdoor cut drills","backdoor-cut-basketball-drill"
"high_school","princeton offense for high school","princeton-offense-high-school"
"zone","princeton offense against zone","princeton-offense-against-zone-defense"
"zone","princeton offense vs 2-3 zone","princeton-offense-vs-2-3-zone"
"man","princeton offense against man defense","princeton-offense-against-man-to-man"
"comparison","princeton offense vs motion offense","princeton-offense-vs-motion-offense"
"comparison","princeton offense vs flex offense","princeton-offense-vs-flex-offense"
"comparison","princeton offense vs dribble drive","dribble-drive-offense-basketball"
"comparison","princeton offense vs read and react","read-and-react-offense-basketball"
"player_fit","best players for princeton offense","best-players-for-princeton-offense"
"playbook_pdf","princeton offense pdf for coaches","book"
"playbook_pdf","princeton offense playbook for coaches","home"
"playbook_pdf","princeton offense playbook pdf for coaches","book"
"playbook_pdf","princeton offense coaching system for coaches","book"
"playbook_pdf","basketball offense playbook for coaches","home"
"guide","princeton offense for coaches","princeton-offense-complete-guide"
"guide","what is the princeton offense for coaches","princeton-offense-complete-guide"
"guide","princeton basketball offense for coaches","princeton-offense-complete-guide"
"guide","princeton offense rules for coaches","princeton-offense-rules"
"guide","princeton offense reads for coaches","princeton-offense-rules"
"install","how to run the princeton offense for coaches","how-to-run-the-princeton-offense"
"install","princeton offense install plan for coaches","princeton-offense-install-plan-first-10-practices"
"install","install princeton offense for coaches","princeton-offense-install-plan-first-10-practices"
"install","princeton offense installation checklist for coaches","princeton-offense-installation-checklist"
"plays","princeton offense plays for coaches","princeton-offense-plays"
"plays","princeton offense diagrams for coaches","princeton-offense-diagrams"
"plays","princeton basketball plays for coaches","princeton-offense-plays"
"plays","chin set basketball for coaches","chin-set"
"drills","princeton offense drills for coaches","princeton-offense-drills"
"drills","princeton offense practice drills for coaches","princeton-offense-practice-drills-by-skill-level"
"drills","backdoor cut drills for coaches","backdoor-cut-basketball-drill"
"high_school","princeton offense for high school for coaches","princeton-offense-high-school"
"zone","princeton offense against zone for coaches","princeton-offense-against-zone-defense"
"zone","princeton offense vs 2-3 zone for coaches","princeton-offense-vs-2-3-zone"
"man","princeton offense against man defense for coaches","princeton-offense-against-man-to-man"
"comparison","princeton offense vs motion offense for coaches","princeton-offense-vs-motion-offense"
"comparison","princeton offense vs flex offense for coaches","princeton-offense-vs-flex-offense"
"comparison","princeton offense vs dribble drive for coaches","dribble-drive-offense-basketball"
"comparison","princeton offense vs read and react for coaches","read-and-react-offense-basketball"
"player_fit","best players for princeton offense for coaches","best-players-for-princeton-offense"
"playbook_pdf","princeton offense pdf for coaches","book"
"playbook_pdf","princeton offense playbook for coaches","home"
"playbook_pdf","princeton offense playbook pdf for coaches","book"
"playbook_pdf","princeton offense coaching system for coaches","book"
"playbook_pdf","basketball offense playbook for coaches","home"
"guide","princeton offense for coaches","princeton-offense-complete-guide"
"guide","what is the princeton offense for coaches","princeton-offense-complete-guide"
"guide","princeton basketball offense for coaches","princeton-offense-complete-guide"
"guide","princeton offense rules for coaches","princeton-offense-rules"
"guide","princeton offense reads for coaches","princeton-offense-rules"
"install","how to run the princeton offense for coaches","how-to-run-the-princeton-offense"
"install","princeton offense install plan for coaches","princeton-offense-install-plan-first-10-practices"
"install","install princeton offense for coaches","princeton-offense-install-plan-first-10-practices"
"install","princeton offense installation checklist for coaches","princeton-offense-installation-checklist"
"plays","princeton offense plays for coaches","princeton-offense-plays"
